date,day_of_week,gold_open,gold_close,gold_high,gold_low,gold_range,gold_change_pct,gold_bullish,gold_ema_31,gold_ema_113,gold_ema_relation,gann_swing_high,gann_swing_low,gann_trend,fib_levels_json,gann_key_level_held,gann_breached_level,gann_reaction,gann_base,gann_scale,gann_nearest_support,gann_nearest_resistance,gann_gap,gann_held,gann_breached,gann_levels_json,sun_sign,sun_deg,moon_sign,moon_deg,moon_nakshatra,mercury_sign,mercury_deg,mercury_retro,venus_sign,venus_deg,venus_retro,mars_sign,mars_deg,mars_retro,jupiter_sign,jupiter_deg,jupiter_retro,saturn_sign,saturn_deg,saturn_retro,rahu_sign,rahu_deg,ketu_sign,ketu_deg,mercury_elong_deg,mercury_elong_dir,mercury_combust,venus_elong_deg,venus_elong_dir,venus_combust,mars_elong_deg,mars_combust,jupiter_elong_deg,saturn_elong_deg,aspects_json,eclipse_active,eclipse_type,eclipse_days_away,moon_phase,moon_illumination_pct,economic_events,economic_impact,market_reaction,trend_direction,volatility,dominant_planet_hour,sunrise_local,dxy_close,dxy_change_pct,dxy_direction,us10y_close,us10y_change
2025-05-01,Thursday,3272.9,3210.0,3275.0,3198.6,76.4,-1.92,False,3179.41,2948.74,above,3275.0,3198.6,DOWN,"{""0"": 3275.0, ""0.2126"": 3258.76, ""0.5"": 3236.8, ""0.618"": 3227.78, ""0.7874"": 3214.84, ""1"": 3198.6, ""1.2126"": 3182.36, ""1.5"": 3160.4, ""1.618"": 3151.38, ""1.7874"": 3138.44}",False,,,327,10,3180.21,3361.04,180.83,True,support_3180.21,"{""base"": 327, ""scale"": 10, ""supports"": [2586.67, 2667.72, 2750.01, 2833.55, 2918.34, 3004.38, 3091.67, 3180.21], ""resistances"": [3361.04, 3453.33, 3546.87, 3641.66, 3737.7, 3834.99, 3933.53, 4033.33]}",Aries,16.67,Gemini,1.36,Mrigashira,Pisces,21.3,False,Pisces,5.95,False,Cancer,11.38,False,Taurus,27.16,False,Pisces,3.64,False,Pisces,0.93,Virgo,0.93,25.37,W,False,40.72,W,False,84.71,False,40.49,43.03,"[{""planet1"": ""Moon"", ""planet2"": ""Jupiter"", ""aspect"": ""Conjunction"", ""orb_deg"": 4.2}, {""planet1"": ""Moon"", ""planet2"": ""Saturn"", ""aspect"": ""Square"", ""orb_deg"": 2.28}, {""planet1"": ""Moon"", ""planet2"": ""Rahu"", ""aspect"": ""Square"", ""orb_deg"": 0.43}, {""planet1"": ""Moon"", ""planet2"": ""Ketu"", ""aspect"": ""Square"", ""orb_deg"": 0.43}, {""planet1"": ""Venus"", ""planet2"": ""Saturn"", ""aspect"": ""Conjunction"", ""orb_deg"": 2.31}, {""planet1"": ""Jupiter"", ""planet2"": ""Rahu"", ""aspect"": ""Square"", ""orb_deg"": 3.77}, {""planet1"": ""Jupiter"", ""planet2"": ""Ketu"", ""aspect"": ""Square"", ""orb_deg"": 3.77}, {""planet1"": ""Saturn"", ""planet2"": ""Rahu"", ""aspect"": ""Conjunction"", ""orb_deg"": 2.71}, {""planet1"": ""Saturn"", ""planet2"": ""Ketu"", ""aspect"": ""Opposition"", ""orb_deg"": 2.71}, {""planet1"": ""Rahu"", ""planet2"": ""Ketu"", ""aspect"": ""Opposition"", ""orb_deg"": 0.0}]",False,,0,Waxing Crescent,14.5,ISM Manufacturing PMI (medium) | Initial Jobless Claims (low),medium,strong_trend,bearish,high,Jupiter,5.59,100.25,,neutral,,
2025-05-02,Friday,3239.9,3231.9,3257.0,3225.0,32.0,-0.25,False,3182.69,2953.71,above,3257.0,3225.0,DOWN,"{""0"": 3257.0, ""0.2126"": 3250.2, ""0.5"": 3241.0, ""0.618"": 3237.22, ""0.7874"": 3231.8, ""1"": 3225.0, ""1.2126"": 3218.2, ""1.5"": 3209.0, ""1.618"": 3205.22, ""1.7874"": 3199.8}",True,0.7874,bounce,325,10,3160.49,3340.76,180.27,False,,"{""base"": 325, ""scale"": 10, ""supports"": [2568.89, 2649.65, 2731.67, 2814.93, 2899.44, 2985.21, 3072.22, 3160.49], ""resistances"": [3340.76, 3432.78, 3526.04, 3620.56, 3716.32, 3813.33, 3911.6, 4011.11]}",Aries,17.64,Gemini,15.61,Ardra,Pisces,22.68,False,Pisces,6.52,False,Cancer,11.84,False,Taurus,27.36,False,Pisces,3.74,False,Pisces,0.88,Virgo,0.88,24.96,W,False,41.12,W,False,84.2,False,39.72,43.9,"[{""planet1"": ""Sun"", ""planet2"": ""Moon"", ""aspect"": ""Sextile"", ""orb_deg"": 2.03}, {""planet1"": ""Venus"", ""planet2"": ""Saturn"", ""aspect"": ""Conjunction"", ""orb_deg"": 2.78}, {""planet1"": ""Jupiter"", ""planet2"": ""Rahu"", ""aspect"": ""Square"", ""orb_deg"": 3.52}, {""planet1"": ""Jupiter"", ""planet2"": ""Ketu"", ""aspect"": ""Square"", ""orb_deg"": 3.52}, {""planet1"": ""Saturn"", ""planet2"": ""Rahu"", ""aspect"": ""Conjunction"", ""orb_deg"": 2.86}, {""planet1"": ""Saturn"", ""planet2"": ""Ketu"", ""aspect"": ""Opposition"", ""orb_deg"": 2.86}, {""planet1"": ""Rahu"", ""planet2"": ""Ketu"", ""aspect"": ""Opposition"", ""orb_deg"": 0.0}]",False,,0,Waxing Crescent,23.5,Non-Farm Payrolls (NFP) (high) | Unemployment Rate (high) | Avg Hourly Earnings (medium),high,reversal_signal,bearish,low,Venus,5.59,100.0,-0.25,bearish,,
2025-05-05,Monday,3242.7,3311.3,3315.7,3239.7,76.0,2.12,True,3190.73,2959.98,above,3315.7,3239.7,UP,"{""0"": 3239.7, ""0.2126"": 3255.86, ""0.5"": 3277.7, ""0.618"": 3286.67, ""0.7874"": 3299.54, ""1"": 3315.7, ""1.2126"": 3331.86, ""1.5"": 3353.7, ""1.618"": 3362.67, ""1.7874"": 3375.54}",False,,,331,10,3219.66,3401.59,181.93,False,,"{""base"": 331, ""scale"": 10, ""supports"": [2622.26, 2703.86, 2786.7, 2870.79, 2956.13, 3042.72, 3130.57, 3219.66], ""resistances"": [3401.59, 3494.43, 3588.53, 3683.87, 3780.46, 3878.3, 3977.39, 4077.74]}",Aries,20.55,Cancer,25.52,Ashlesha,Pisces,27.02,False,Pisces,8.35,False,Cancer,13.24,False,Taurus,27.97,False,Pisces,4.04,False,Pisces,0.72,Virgo,0.72,23.53,W,False,42.2,W,False,82.69,False,37.42,46.51,"[{""planet1"": ""Moon"", ""planet2"": ""Mercury"", ""aspect"": ""Trine"", ""orb_deg"": 1.5}, {""planet1"": ""Moon"", ""planet2"": ""Jupiter"", ""aspect"": ""Sextile"", ""orb_deg"": 2.45}, {""planet1"": ""Mercury"", ""planet2"": ""Jupiter"", ""aspect"": ""Sextile"", ""orb_deg"": 0.94}, {""planet1"": ""Venus"", ""planet2"": ""Saturn"", ""aspect"": ""Conjunction"", ""orb_deg"": 4.32}, {""planet1"": ""Jupiter"", ""planet2"": ""Rahu"", ""aspect"": ""Square"", ""orb_deg"": 2.75}, {""planet1"": ""Jupiter"", ""planet2"": ""Ketu"", ""aspect"": ""Square"", ""orb_deg"": 2.75}, {""planet1"": ""Saturn"", ""planet2"": ""Rahu"", ""aspect"": ""Conjunction"", ""orb_deg"": 3.32}, {""planet1"": ""Saturn"", ""planet2"": ""Ketu"", ""aspect"": ""Opposition"", ""orb_deg"": 3.32}, {""planet1"": ""Rahu"", ""planet2"": ""Ketu"", ""aspect"": ""Opposition"", ""orb_deg"": 0.0}]",False,,0,First Quarter,54.3,ISM Services PMI (medium),medium,strong_trend,bullish,high,Moon,5.57,99.83,-0.17,bearish,,
2025-05-06,Tuesday,3365.5,3411.4,3430.9,3356.8,74.1,1.36,True,3204.52,2967.9,above,3430.9,3356.8,UP,"{""0"": 3356.8, ""0.2126"": 3372.55, ""0.5"": 3393.85, ""0.618"": 3402.59, ""0.7874"": 3415.15, ""1"": 3430.9, ""1.2126"": 3446.65, ""1.5"": 3467.95, ""1.618"": 3476.69, ""1.7874"": 3489.25}",False,,,343,10,3338.02,3523.23,185.21,False,,"{""base"": 343, ""scale"": 10, ""supports"": [2729.19, 2812.42, 2896.89, 2982.62, 3069.59, 3157.82, 3247.3, 3338.02], ""resistances"": [3523.23, 3617.7, 3713.43, 3810.41, 3908.63, 4008.11, 4108.83, 4210.81]}",Aries,21.52,Leo,8.03,Magha,Pisces,28.54,False,Pisces,9.01,False,Cancer,13.71,False,Taurus,28.17,False,Pisces,4.13,False,Pisces,0.67,Virgo,0.67,22.98,W,False,42.51,W,False,82.19,False,36.65,47.39,"[{""planet1"": ""Mercury"", ""planet2"": ""Jupiter"", ""aspect"": ""Sextile"", ""orb_deg"": 0.37}, {""planet1"": ""Venus"", ""planet2"": ""Saturn"", ""aspect"": ""Conjunction"", ""orb_deg"": 4.87}, {""planet1"": ""Jupiter"", ""planet2"": ""Rahu"", ""aspect"": ""Square"", ""orb_deg"": 2.49}, {""planet1"": ""Jupiter"", ""planet2"": ""Ketu"", ""aspect"": ""Square"", ""orb_deg"": 2.49}, {""planet1"": ""Saturn"", ""planet2"": ""Rahu"", ""aspect"": ""Conjunction"", ""orb_deg"": 3.47}, {""planet1"": ""Saturn"", ""planet2"": ""Ketu"", ""aspect"": ""Opposition"", ""orb_deg"": 3.47}, {""planet1"": ""Rahu"", ""planet2"": ""Ketu"", ""aspect"": ""Opposition"", ""orb_deg"": 0.0}]",False,,0,First Quarter,64.2,,none,moderate_trend,bullish,high,Mars,5.57,99.24,-0.59,bearish,,
2025-05-07,Wednesday,3418.7,3381.4,3418.7,3364.7,54.0,-1.09,False,3215.58,2975.16,above,3418.7,3364.7,DOWN,"{""0"": 3418.7, ""0.2126"": 3407.22, ""0.5"": 3391.7, ""0.618"": 3385.33, ""0.7874"": 3376.18, ""1"": 3364.7, ""1.2126"": 3353.22, ""1.5"": 3337.7, ""1.618"": 3331.33, ""1.7874"": 3322.18}",False,,,341,10,3318.29,3502.96,184.67,True,support_3318.29,"{""base"": 341, ""scale"": 10, ""supports"": [2711.35, 2794.31, 2878.51, 2963.97, 3050.68, 3138.63, 3227.84, 3318.29], ""resistances"": [3502.96, 3597.16, 3692.62, 3789.32, 3887.28, 3986.49, 4086.94, 4188.65]}",Aries,22.49,Leo,20.24,Purva Phalguni,Aries,0.09,False,Pisces,9.68,False,Cancer,14.19,False,Taurus,28.38,False,Pisces,4.23,False,Pisces,0.61,Virgo,0.61,22.4,W,False,42.81,W,False,81.7,False,35.89,48.26,"[{""planet1"": ""Sun"", ""planet2"": ""Moon"", ""aspect"": ""Trine"", ""orb_deg"": 2.24}, {""planet1"": ""Mercury"", ""planet2"": ""Jupiter"", ""aspect"": ""Sextile"", ""orb_deg"": 1.71}, {""planet1"": ""Jupiter"", ""planet2"": ""Rahu"", ""aspect"": ""Square"", ""orb_deg"": 2.23}, {""planet1"": ""Jupiter"", ""planet2"": ""Ketu"", ""aspect"": ""Square"", ""orb_deg"": 2.23}, {""planet1"": ""Saturn"", ""planet2"": ""Rahu"", ""aspect"": ""Conjunction"", ""orb_deg"": 3.61}, {""planet1"": ""Saturn"", ""planet2"": ""Ketu"", ""aspect"": ""Opposition"", ""orb_deg"": 3.61}, {""planet1"": ""Rahu"", ""planet2"": ""Ketu"", ""aspect"": ""Opposition"", ""orb_deg"": 0.0}]",False,,0,Waxing Gibbous,73.3,FOMC Rate Decision (high),high,moderate_trend,bearish,medium,Mercury,5.56,99.61,0.37,bullish,,
2025-05-08,Thursday,3390.0,3296.6,3390.0,3288.7,101.3,-2.76,False,3220.64,2980.8,above,3390.0,3288.7,DOWN,"{""0"": 3390.0, ""0.2126"": 3368.46, ""0.5"": 3339.35, ""0.618"": 3327.4, ""0.7874"": 3310.24, ""1"": 3288.7, ""1.2126"": 3267.16, ""1.5"": 3238.05, ""1.618"": 3226.1, ""1.7874"": 3208.94}",False,,,339,10,3298.57,3482.68,184.11,True,support_3298.57,"{""base"": 339, ""scale"": 10, ""supports"": [2693.52, 2776.21, 2860.14, 2945.33, 3031.76, 3119.45, 3208.38, 3298.57], ""resistances"": [3482.68, 3576.62, 3671.8, 3768.24, 3865.92, 3964.86, 4065.04, 4166.48]}",Aries,23.45,Virgo,2.26,Uttara Phalguni,Aries,1.67,False,Pisces,10.36,False,Cancer,14.67,False,Taurus,28.59,False,Pisces,4.32,False,Pisces,0.56,Virgo,0.56,21.78,W,False,43.09,W,False,81.22,False,35.14,49.13,"[{""planet1"": ""Moon"", ""planet2"": ""Jupiter"", ""aspect"": ""Square"", ""orb_deg"": 3.67}, {""planet1"": ""Moon"", ""planet2"": ""Saturn"", ""aspect"": ""Opposition"", ""orb_deg"": 2.06}, {""planet1"": ""Moon"", ""planet2"": ""Rahu"", ""aspect"": ""Opposition"", ""orb_deg"": 1.7}, {""planet1"": ""Moon"", ""planet2"": ""Ketu"", ""aspect"": ""Conjunction"", ""orb_deg"": 1.7}, {""planet1"": ""Mercury"", ""planet2"": ""Jupiter"", ""aspect"": ""Sextile"", ""orb_deg"": 3.08}, {""planet1"": ""Jupiter"", ""planet2"": ""Rahu"", ""aspect"": ""Square"", ""orb_deg"": 1.97}, {""planet1"": ""Jupiter"", ""planet2"": ""Ketu"", ""aspect"": ""Square"", ""orb_deg"": 1.97}, {""planet1"": ""Saturn"", ""planet2"": ""Rahu"", ""aspect"": ""Conjunction"", ""orb_deg"": 3.76}, {""planet1"": ""Saturn"", ""planet2"": ""Ketu"", ""aspect"": ""Opposition"", ""orb_deg"": 3.76}, {""planet1"": ""Rahu"", ""planet2"": ""Ketu"", ""aspect"": ""Opposition"", ""orb_deg"": 0.0}]",False,,0,Waxing Gibbous,81.3,Initial Jobless Claims (low),none,strong_trend,bearish,high,Jupiter,5.56,100.64,1.03,bullish,,
2025-05-09,Friday,3299.0,3335.4,3335.5,3299.0,36.5,1.1,True,3227.81,2987.02,above,3335.5,3299.0,UP,"{""0"": 3299.0, ""0.2126"": 3306.76, ""0.5"": 3317.25, ""0.618"": 3321.56, ""0.7874"": 3327.74, ""1"": 3335.5, ""1.2126"": 3343.26, ""1.5"": 3353.75, ""1.618"": 3358.06, ""1.7874"": 3364.24}",True,1,bounce,333,10,3239.38,3421.87,182.49,False,,"{""base"": 333, ""scale"": 10, ""supports"": [2640.07, 2721.93, 2805.05, 2889.42, 2975.03, 3061.9, 3150.02, 3239.38], ""resistances"": [3421.87, 3514.98, 3609.35, 3704.97, 3801.83, 3899.95, 3999.32, 4099.93]}",Aries,24.42,Virgo,14.14,Hasta,Aries,3.29,False,Pisces,11.07,False,Cancer,15.15,False,Taurus,28.8,False,Pisces,4.42,False,Pisces,0.51,Virgo,0.51,21.13,W,False,43.35,W,False,80.73,False,34.38,50.0,"[{""planet1"": ""Moon"", ""planet2"": ""Venus"", ""aspect"": ""Opposition"", ""orb_deg"": 3.08}, {""planet1"": ""Moon"", ""planet2"": ""Mars"", ""aspect"": ""Sextile"", ""orb_deg"": 1.0}, {""planet1"": ""Jupiter"", ""planet2"": ""Rahu"", ""aspect"": ""Square"", ""orb_deg"": 1.71}, {""planet1"": ""Jupiter"", ""planet2"": ""Ketu"", ""aspect"": ""Square"", ""orb_deg"": 1.71}, {""planet1"": ""Saturn"", ""planet2"": ""Rahu"", ""aspect"": ""Conjunction"", ""orb_deg"": 3.91}, {""planet1"": ""Saturn"", ""planet2"": ""Ketu"", ""aspect"": ""Opposition"", ""orb_deg"": 3.91}, {""planet1"": ""Rahu"", ""planet2"": ""Ketu"", ""aspect"": ""Opposition"", ""orb_deg"": 0.0}]",False,,0,Waxing Gibbous,88.1,,none,moderate_trend,bullish,medium,Venus,5.55,100.34,-0.3,bearish,,
2025-05-12,Monday,3300.7,3220.0,3300.7,3205.0,95.7,-2.44,False,3227.33,2991.11,above,3300.7,3205.0,DOWN,"{""0"": 3300.7, ""0.2126"": 3280.35, ""0.5"": 3252.85, ""0.618"": 3241.56, ""0.7874"": 3225.35, ""1"": 3205.0, ""1.2126"": 3184.65, ""1.5"": 3157.15, ""1.618"": 3145.86, ""1.7874"": 3129.65}",False,,,330,10,3209.8,3391.45,181.65,True,support_3209.8,"{""base"": 330, ""scale"": 10, ""supports"": [2613.36, 2694.82, 2777.52, 2861.48, 2946.68, 3033.14, 3120.84, 3209.8], ""resistances"": [3391.45, 3484.16, 3578.11, 3673.32, 3769.77, 3867.48, 3966.43, 4066.64]}",Aries,27.32,Libra,19.61,Swati,Aries,8.33,False,Pisces,13.27,False,Cancer,16.6,False,Taurus,29.42,False,Pisces,4.69,False,Pisces,0.35,Virgo,0.35,18.99,W,False,44.05,W,False,79.28,False,32.1,52.63,"[{""planet1"": ""Sun"", ""planet2"": ""Rahu"", ""aspect"": ""Sextile"", ""orb_deg"": 3.03}, {""planet1"": ""Sun"", ""planet2"": ""Ketu"", ""aspect"": ""Trine"", ""orb_deg"": 3.03}, {""planet1"": ""Moon"", ""planet2"": ""Mars"", ""aspect"": ""Square"", ""orb_deg"": 3.01}, {""planet1"": ""Venus"", ""planet2"": ""Mars"", ""aspect"": ""Trine"", ""orb_deg"": 3.33}, {""planet1"": ""Jupiter"", ""planet2"": ""Rahu"", ""aspect"": ""Square"", ""orb_deg"": 0.92}, {""planet1"": ""Jupiter"", ""planet2"": ""Ketu"", ""aspect"": ""Square"", ""orb_deg"": 0.92}, {""planet1"": ""Saturn"", ""planet2"": ""Rahu"", ""aspect"": ""Conjunction"", ""orb_deg"": 4.35}, {""planet1"": ""Saturn"", ""planet2"": ""Ketu"", ""aspect"": ""Opposition"", ""orb_deg"": 4.35}, {""planet1"": ""Rahu"", ""planet2"": ""Ketu"", ""aspect"": ""Opposition"", ""orb_deg"": 0.0}]",True,Lunar,7,Full Moon,99.5,CPI (Consumer Price Index) (high),high,strong_trend,bearish,high,Moon,5.54,101.79,1.45,bullish,,
2025-05-13,Tuesday,3232.0,3240.3,3251.4,3223.5,27.9,0.26,True,3228.14,2995.48,above,3251.4,3223.5,UP,"{""0"": 3223.5, ""0.2126"": 3229.43, ""0.5"": 3237.45, ""0.618"": 3240.74, ""0.7874"": 3245.47, ""1"": 3251.4, ""1.2126"": 3257.33, ""1.5"": 3265.35, ""1.618"": 3268.64, ""1.7874"": 3273.37}",True,0.5,bounce,325,10,3160.49,3340.76,180.27,False,,"{""base"": 325, ""scale"": 10, ""supports"": [2568.89, 2649.65, 2731.67, 2814.93, 2899.44, 2985.21, 3072.22, 3160.49], ""resistances"": [3340.76, 3432.78, 3526.04, 3620.56, 3716.32, 3813.33, 3911.6, 4011.11]}",Aries,28.28,Scorpio,1.51,Vishakha,Aries,10.08,False,Pisces,14.04,False,Cancer,17.09,False,Taurus,29.64,False,Pisces,4.78,False,Pisces,0.3,Virgo,0.3,18.2,W,False,44.24,W,False,78.81,False,31.36,53.5,"[{""planet1"": ""Sun"", ""planet2"": ""Moon"", ""aspect"": ""Opposition"", ""orb_deg"": 3.23}, {""planet1"": ""Sun"", ""planet2"": ""Rahu"", ""aspect"": ""Sextile"", ""orb_deg"": 2.01}, {""planet1"": ""Sun"", ""planet2"": ""Ketu"", ""aspect"": ""Trine"", ""orb_deg"": 2.01}, {""planet1"": ""Moon"", ""planet2"": ""Saturn"", ""aspect"": ""Trine"", ""orb_deg"": 3.27}, {""planet1"": ""Moon"", ""planet2"": ""Rahu"", ""aspect"": ""Trine"", ""orb_deg"": 1.22}, {""planet1"": ""Moon"", ""planet2"": ""Ketu"", ""aspect"": ""Sextile"", ""orb_deg"": 1.22}, {""planet1"": ""Venus"", ""planet2"": ""Mars"", ""aspect"": ""Trine"", ""orb_deg"": 3.05}, {""planet1"": ""Jupiter"", ""planet2"": ""Rahu"", ""aspect"": ""Square"", ""orb_deg"": 0.66}, {""planet1"": ""Jupiter"", ""planet2"": ""Ketu"", ""aspect"": ""Square"", ""orb_deg"": 0.66}, {""planet1"": ""Saturn"", ""planet2"": ""Rahu"", ""aspect"": ""Conjunction"", ""orb_deg"": 4.49}, {""planet1"": ""Saturn"", ""planet2"": ""Ketu"", ""aspect"": ""Opposition"", ""orb_deg"": 4.49}, {""planet1"": ""Rahu"", ""planet2"": ""Ketu"", ""aspect"": ""Opposition"", ""orb_deg"": 0.0}]",True,Lunar,3,Full Moon,99.9,Retail Sales (medium),medium,reversal_signal,bullish,low,Mars,5.54,101.0,-0.78,bearish,,
2025-05-14,Wednesday,3233.0,3181.4,3233.0,3171.7,61.3,-1.6,False,3225.22,2998.74,above,3233.0,3171.7,DOWN,"{""0"": 3233.0, ""0.2126"": 3219.97, ""0.5"": 3202.35, ""0.618"": 3195.12, ""0.7874"": 3184.73, ""1"": 3171.7, ""1.2126"": 3158.67, ""1.5"": 3141.05, ""1.618"": 3133.82, ""1.7874"": 3123.43}",False,,,323,10,3140.76,3320.49,179.73,True,support_3140.76,"{""base"": 323, ""scale"": 10, ""supports"": [2551.11, 2631.6, 2713.33, 2796.32, 2880.56, 2966.04, 3052.78, 3140.76], ""resistances"": [3320.49, 3412.22, 3505.21, 3599.44, 3694.93, 3791.67, 3889.65, 3988.89]}",Aries,29.25,Scorpio,13.51,Anuradha,Aries,11.86,False,Pisces,14.82,False,Cancer,17.59,False,Taurus,29.85,False,Pisces,4.87,False,Pisces,0.24,Virgo,0.24,17.39,W,False,44.43,W,False,78.34,False,30.6,54.38,"[{""planet1"": ""Sun"", ""planet2"": ""Rahu"", ""aspect"": ""Sextile"", ""orb_deg"": 0.99}, {""planet1"": ""Sun"", ""planet2"": ""Ketu"", ""aspect"": ""Trine"", ""orb_deg"": 0.99}, {""planet1"": ""Moon"", ""planet2"": ""Venus"", ""aspect"": ""Trine"", ""orb_deg"": 1.31}, {""planet1"": ""Venus"", ""planet2"": ""Mars"", ""aspect"": ""Trine"", ""orb_deg"": 2.77}, {""planet1"": ""Jupiter"", ""planet2"": ""Rahu"", ""aspect"": ""Square"", ""orb_deg"": 0.39}, {""planet1"": ""Jupiter"", ""planet2"": ""Ketu"", ""aspect"": ""Square"", ""orb_deg"": 0.39}, {""planet1"": ""Saturn"", ""planet2"": ""Rahu"", ""aspect"": ""Conjunction"", ""orb_deg"": 4.63}, {""planet1"": ""Saturn"", ""planet2"": ""Ketu"", ""aspect"": ""Opposition"", ""orb_deg"": 4.63}, {""planet1"": ""Rahu"", ""planet2"": ""Ketu"", ""aspect"": ""Opposition"", ""orb_deg"": 0.0}]",True,Lunar,14,Full Moon,98.5,Michigan Consumer Sentiment (medium),medium,strong_trend,bearish,medium,Mercury,5.53,101.04,0.04,bullish,,
2025-05-15,Thursday,3151.0,3220.7,3228.1,3125.0,103.1,2.21,True,3224.93,3002.63,above,3228.1,3125.0,UP,"{""0"": 3125.0, ""0.2126"": 3146.92, ""0.5"": 3176.55, ""0.618"": 3188.72, ""0.7874"": 3206.18, ""1"": 3228.1, ""1.2126"": 3250.02, ""1.5"": 3279.65, ""1.618"": 3291.82, ""1.7874"": 3309.28}",False,,,322,10,3130.9,3310.35,179.45,False,,"{""base"": 322, ""scale"": 10, ""supports"": [2542.23, 2622.57, 2704.17, 2787.02, 2871.11, 2956.46, 3043.06, 3130.9], ""resistances"": [3310.35, 3401.94, 3494.79, 3588.89, 3684.23, 3780.83, 3878.68, 3977.77]}",Taurus,0.21,Scorpio,25.61,Jyeshtha,Aries,13.67,False,Pisces,15.61,False,Cancer,18.08,False,Gemini,0.06,False,Pisces,4.96,False,Pisces,0.19,Virgo,0.19,16.54,W,False,44.6,W,False,77.87,False,29.85,55.25,"[{""planet1"": ""Sun"", ""planet2"": ""Rahu"", ""aspect"": ""Sextile"", ""orb_deg"": 0.02}, {""planet1"": ""Sun"", ""planet2"": ""Ketu"", ""aspect"": ""Trine"", ""orb_deg"": 0.02}, {""planet1"": ""Moon"", ""planet2"": ""Jupiter"", ""aspect"": ""Opposition"", ""orb_deg"": 4.45}, {""planet1"": ""Venus"", ""planet2"": ""Mars"", ""aspect"": ""Trine"", ""orb_deg"": 2.47}, {""planet1"": ""Jupiter"", ""planet2"": ""Rahu"", ""aspect"": ""Square"", ""orb_deg"": 0.13}, {""planet1"": ""Jupiter"", ""planet2"": ""Ketu"", ""aspect"": ""Square"", ""orb_deg"": 0.13}, {""planet1"": ""Saturn"", ""planet2"": ""Rahu"", ""aspect"": ""Conjunction"", ""orb_deg"": 4.77}, {""planet1"": ""Saturn"", ""planet2"": ""Ketu"", ""aspect"": ""Opposition"", ""orb_deg"": 4.77}, {""planet1"": ""Rahu"", ""planet2"": ""Ketu"", ""aspect"": ""Opposition"", ""orb_deg"": 0.0}]",False,,0,Waning Gibbous,95.2,Initial Jobless Claims (low),none,moderate_trend,bullish,high,Jupiter,5.53,100.88,-0.16,bearish,,
2025-05-16,Friday,3227.7,3182.0,3228.1,3173.9,54.2,-1.42,False,3222.25,3005.78,above,3228.1,3173.9,DOWN,"{""0"": 3228.1, ""0.2126"": 3216.58, ""0.5"": 3201.0, ""0.618"": 3194.6, ""0.7874"": 3185.42, ""1"": 3173.9, ""1.2126"": 3162.38, ""1.5"": 3146.8, ""1.618"": 3140.4, ""1.7874"": 3131.22}",False,,,322,10,3130.9,3310.35,179.45,True,support_3130.9,"{""base"": 322, ""scale"": 10, ""supports"": [2542.23, 2622.57, 2704.17, 2787.02, 2871.11, 2956.46, 3043.06, 3130.9], ""resistances"": [3310.35, 3401.94, 3494.79, 3588.89, 3684.23, 3780.83, 3878.68, 3977.77]}",Taurus,1.18,Sagittarius,7.86,Mula,Aries,15.52,False,Pisces,16.42,False,Cancer,18.58,False,Gemini,0.28,False,Pisces,5.05,False,Pisces,0.14,Virgo,0.14,15.66,W,False,44.76,W,False,77.4,False,29.1,56.13,"[{""planet1"": ""Sun"", ""planet2"": ""Saturn"", ""aspect"": ""Sextile"", ""orb_deg"": 3.87}, {""planet1"": ""Sun"", ""planet2"": ""Rahu"", ""aspect"": ""Sextile"", ""orb_deg"": 1.04}, {""planet1"": ""Sun"", ""planet2"": ""Ketu"", ""aspect"": ""Trine"", ""orb_deg"": 1.04}, {""planet1"": ""Moon"", ""planet2"": ""Saturn"", ""aspect"": ""Square"", ""orb_deg"": 2.81}, {""planet1"": ""Mercury"", ""planet2"": ""Mars"", ""aspect"": ""Square"", ""orb_deg"": 3.06}, {""planet1"": ""Venus"", ""planet2"": ""Mars"", ""aspect"": ""Trine"", ""orb_deg"": 2.16}, {""planet1"": ""Jupiter"", ""planet2"": ""Rahu"", ""aspect"": ""Square"", ""orb_deg"": 0.14}, {""planet1"": ""Jupiter"", ""planet2"": ""Ketu"", ""aspect"": ""Square"", ""orb_deg"": 0.14}, {""planet1"": ""Saturn"", ""planet2"": ""Rahu"", ""aspect"": ""Conjunction"", ""orb_deg"": 4.91}, {""planet1"": ""Saturn"", ""planet2"": ""Ketu"", ""aspect"": ""Opposition"", ""orb_deg"": 4.91}, {""planet1"": ""Rahu"", ""planet2"": ""Ketu"", ""aspect"": ""Opposition"", ""orb_deg"": 0.0}]",False,,0,Waning Gibbous,90.1,Housing Starts (medium),medium,moderate_trend,bearish,medium,Venus,5.53,101.09,0.21,bullish,,
2025-05-19,Monday,3234.4,3228.9,3241.0,3228.3,12.7,-0.17,False,3222.67,3009.69,above,3241.0,3228.3,DOWN,"{""0"": 3241.0, ""0.2126"": 3238.3, ""0.5"": 3234.65, ""0.618"": 3233.15, ""0.7874"": 3231.0, ""1"": 3228.3, ""1.2126"": 3225.6, ""1.5"": 3221.95, ""1.618"": 3220.45, ""1.7874"": 3218.3}",True,1,bounce,324,10,3150.62,3330.62,180.0,False,,"{""base"": 324, ""scale"": 10, ""supports"": [2560.0, 2640.62, 2722.5, 2805.62, 2890.0, 2975.62, 3062.5, 3150.62], ""resistances"": [3330.62, 3422.5, 3515.62, 3610.0, 3705.62, 3802.5, 3900.62, 4000.0]}",Taurus,4.07,Capricorn,15.72,Shravana,Aries,21.25,False,Pisces,18.91,False,Cancer,20.09,False,Gemini,0.92,False,Pisces,5.3,False,Aquarius,29.98,Leo,29.98,12.82,W,False,45.16,W,False,76.02,False,26.85,58.77,"[{""planet1"": ""Sun"", ""planet2"": ""Saturn"", ""aspect"": ""Sextile"", ""orb_deg"": 1.23}, {""planet1"": ""Moon"", ""planet2"": ""Venus"", ""aspect"": ""Sextile"", ""orb_deg"": 3.19}, {""planet1"": ""Moon"", ""planet2"": ""Mars"", ""aspect"": ""Opposition"", ""orb_deg"": 4.37}, {""planet1"": ""Mercury"", ""planet2"": ""Mars"", ""aspect"": ""Square"", ""orb_deg"": 1.17}, {""planet1"": ""Venus"", ""planet2"": ""Mars"", ""aspect"": ""Trine"", ""orb_deg"": 1.18}, {""planet1"": ""Jupiter"", ""planet2"": ""Rahu"", ""aspect"": ""Square"", ""orb_deg"": 0.94}, {""planet1"": ""Jupiter"", ""planet2"": ""Ketu"", ""aspect"": ""Square"", ""orb_deg"": 0.94}, {""planet1"": ""Rahu"", ""planet2"": ""Ketu"", ""aspect"": ""Opposition"", ""orb_deg"": 0.0}]",False,,0,Last Quarter,65.7,,none,consolidation,bearish,low,Moon,5.52,100.43,-0.65,bearish,,
2025-05-20,Tuesday,3219.0,3280.3,3293.2,3207.5,85.7,1.9,True,3226.27,3014.44,above,3293.2,3207.5,UP,"{""0"": 3207.5, ""0.2126"": 3225.72, ""0.5"": 3250.35, ""0.618"": 3260.46, ""0.7874"": 3274.98, ""1"": 3293.2, ""1.2126"": 3311.42, ""1.5"": 3336.05, ""1.618"": 3346.16, ""1.7874"": 3360.68}",False,,,329,10,3199.93,3381.32,181.39,False,,"{""base"": 329, ""scale"": 10, ""supports"": [2604.47, 2685.78, 2768.35, 2852.17, 2937.23, 3023.55, 3111.12, 3199.93], ""resistances"": [3381.32, 3473.88, 3567.7, 3662.77, 3759.08, 3856.65, 3955.47, 4055.53]}",Taurus,5.03,Capricorn,28.84,Dhanishta,Aries,23.23,False,Pisces,19.76,False,Cancer,20.6,False,Gemini,1.14,False,Pisces,5.38,False,Aquarius,29.93,Leo,29.93,11.8,W,False,45.27,W,False,75.57,False,26.11,59.65,"[{""planet1"": ""Sun"", ""planet2"": ""Saturn"", ""aspect"": ""Sextile"", ""orb_deg"": 0.35}, {""planet1"": ""Moon"", ""planet2"": ""Jupiter"", ""aspect"": ""Trine"", ""orb_deg"": 2.3}, {""planet1"": ""Mercury"", ""planet2"": ""Mars"", ""aspect"": ""Square"", ""orb_deg"": 2.64}, {""planet1"": ""Venus"", ""planet2"": ""Mars"", ""aspect"": ""Trine"", ""orb_deg"": 0.83}, {""planet1"": ""Jupiter"", ""planet2"": ""Rahu"", ""aspect"": ""Square"", ""orb_deg"": 1.21}, {""planet1"": ""Jupiter"", ""planet2"": ""Ketu"", ""aspect"": ""Square"", ""orb_deg"": 1.21}, {""planet1"": ""Rahu"", ""planet2"": ""Ketu"", ""aspect"": ""Opposition"", ""orb_deg"": 0.0}]",False,,0,Last Quarter,55.4,,none,strong_trend,bullish,high,Mars,5.52,100.12,-0.31,bearish,,
2025-05-21,Wednesday,3293.4,3309.3,3317.5,3290.2,27.3,0.48,True,3231.46,3019.61,above,3317.5,3290.2,UP,"{""0"": 3290.2, ""0.2126"": 3296.0, ""0.5"": 3303.85, ""0.618"": 3307.07, ""0.7874"": 3311.7, ""1"": 3317.5, ""1.2126"": 3323.3, ""1.5"": 3331.15, ""1.618"": 3334.37, ""1.7874"": 3339.0}",True,0.618,bounce,331,10,3219.66,3401.59,181.93,False,,"{""base"": 331, ""scale"": 10, ""supports"": [2622.26, 2703.86, 2786.7, 2870.79, 2956.13, 3042.72, 3130.57, 3219.66], ""resistances"": [3401.59, 3494.43, 3588.53, 3683.87, 3780.46, 3878.3, 3977.39, 4077.74]}",Taurus,5.99,Aquarius,12.29,Shatabhisha,Aries,25.24,False,Pisces,20.62,False,Cancer,21.1,False,Gemini,1.36,False,Pisces,5.46,False,Aquarius,29.87,Leo,29.87,10.75,W,False,45.37,W,False,75.11,False,25.37,60.53,"[{""planet1"": ""Sun"", ""planet2"": ""Saturn"", ""aspect"": ""Sextile"", ""orb_deg"": 0.53}, {""planet1"": ""Venus"", ""planet2"": ""Mars"", ""aspect"": ""Trine"", ""orb_deg"": 0.48}, {""planet1"": ""Jupiter"", ""planet2"": ""Rahu"", ""aspect"": ""Square"", ""orb_deg"": 1.48}, {""planet1"": ""Jupiter"", ""planet2"": ""Ketu"", ""aspect"": ""Square"", ""orb_deg"": 1.48}, {""planet1"": ""Rahu"", ""planet2"": ""Ketu"", ""aspect"": ""Opposition"", ""orb_deg"": 0.0}]",False,,0,Last Quarter,44.5,,none,choppy,bullish,low,Mercury,5.52,99.56,-0.56,bearish,,
2025-05-22,Thursday,3327.3,3292.3,3328.0,3282.7,45.3,-1.05,False,3235.26,3024.4,above,3328.0,3282.7,DOWN,"{""0"": 3328.0, ""0.2126"": 3318.37, ""0.5"": 3305.35, ""0.618"": 3300.0, ""0.7874"": 3292.33, ""1"": 3282.7, ""1.2126"": 3273.07, ""1.5"": 3260.05, ""1.618"": 3254.7, ""1.7874"": 3247.03}",True,0.7874,bounce,332,10,3229.52,3411.73,182.21,True,support_3229.52,"{""base"": 332, ""scale"": 10, ""supports"": [2631.17, 2712.89, 2795.87, 2880.1, 2965.58, 3052.31, 3140.29, 3229.52], ""resistances"": [3411.73, 3504.71, 3598.94, 3694.42, 3791.15, 3889.13, 3988.36, 4088.83]}",Taurus,6.95,Aquarius,26.11,Purva Bhadrapada,Aries,27.28,False,Pisces,21.5,False,Cancer,21.62,False,Gemini,1.57,False,Pisces,5.54,False,Aquarius,29.82,Leo,29.82,9.67,W,False,45.45,W,False,74.67,False,24.62,61.41,"[{""planet1"": ""Sun"", ""planet2"": ""Saturn"", ""aspect"": ""Sextile"", ""orb_deg"": 1.41}, {""planet1"": ""Moon"", ""planet2"": ""Mercury"", ""aspect"": ""Sextile"", ""orb_deg"": 1.17}, {""planet1"": ""Moon"", ""planet2"": ""Rahu"", ""aspect"": ""Conjunction"", ""orb_deg"": 3.71}, {""planet1"": ""Moon"", ""planet2"": ""Ketu"", ""aspect"": ""Opposition"", ""orb_deg"": 3.71}, {""planet1"": ""Mercury"", ""planet2"": ""Rahu"", ""aspect"": ""Sextile"", ""orb_deg"": 2.54}, {""planet1"": ""Mercury"", ""planet2"": ""Ketu"", ""aspect"": ""Trine"", ""orb_deg"": 2.54}, {""planet1"": ""Venus"", ""planet2"": ""Mars"", ""aspect"": ""Trine"", ""orb_deg"": 0.12}, {""planet1"": ""Jupiter"", ""planet2"": ""Saturn"", ""aspect"": ""Square"", ""orb_deg"": 3.97}, {""planet1"": ""Jupiter"", ""planet2"": ""Rahu"", ""aspect"": ""Square"", ""orb_deg"": 1.75}, {""planet1"": ""Jupiter"", ""planet2"": ""Ketu"", ""aspect"": ""Square"", ""orb_deg"": 1.75}, {""planet1"": ""Rahu"", ""planet2"": ""Ketu"", ""aspect"": ""Opposition"", ""orb_deg"": 0.0}]",False,,0,Last Quarter,33.6,Initial Jobless Claims (low),none,moderate_trend,bearish,medium,Jupiter,5.51,99.96,0.4,bullish,,
2025-05-23,Friday,3328.0,3363.6,3363.6,3323.5,40.1,1.07,True,3243.28,3030.35,above,3363.6,3323.5,UP,"{""0"": 3323.5, ""0.2126"": 3332.03, ""0.5"": 3343.55, ""0.618"": 3348.28, ""0.7874"": 3355.07, ""1"": 3363.6, ""1.2126"": 3372.13, ""1.5"": 3383.65, ""1.618"": 3388.38, ""1.7874"": 3395.17}",True,1,bounce,336,10,3268.97,3452.28,183.31,False,,"{""base"": 336, ""scale"": 10, ""supports"": [2666.79, 2749.06, 2832.59, 2917.37, 3003.39, 3090.67, 3179.2, 3268.97], ""resistances"": [3452.28, 3545.8, 3640.58, 3736.61, 3833.88, 3932.41, 4032.19, 4133.21]}",Taurus,7.92,Pisces,10.31,Uttara Bhadrapada,Aries,29.34,False,Pisces,22.38,False,Cancer,22.13,False,Gemini,1.79,False,Pisces,5.62,False,Aquarius,29.77,Leo,29.77,8.58,W,False,45.54,W,False,74.21,False,23.87,62.3,"[{""planet1"": ""Sun"", ""planet2"": ""Moon"", ""aspect"": ""Sextile"", ""orb_deg"": 2.39}, {""planet1"": ""Sun"", ""planet2"": ""Saturn"", ""aspect"": ""Sextile"", ""orb_deg"": 2.29}, {""planet1"": ""Moon"", ""planet2"": ""Saturn"", ""aspect"": ""Conjunction"", ""orb_deg"": 4.69}, {""planet1"": ""Mercury"", ""planet2"": ""Rahu"", ""aspect"": ""Sextile"", ""orb_deg"": 0.42}, {""planet1"": ""Mercury"", ""planet2"": ""Ketu"", ""aspect"": ""Trine"", ""orb_deg"": 0.42}, {""planet1"": ""Venus"", ""planet2"": ""Mars"", ""aspect"": ""Trine"", ""orb_deg"": 0.25}, {""planet1"": ""Jupiter"", ""planet2"": ""Saturn"", ""aspect"": ""Square"", ""orb_deg"": 3.83}, {""planet1"": ""Jupiter"", ""planet2"": ""Rahu"", ""aspect"": ""Square"", ""orb_deg"": 2.03}, {""planet1"": ""Jupiter"", ""planet2"": ""Ketu"", ""aspect"": ""Square"", ""orb_deg"": 2.03}, {""planet1"": ""Rahu"", ""planet2"": ""Ketu"", ""aspect"": ""Opposition"", ""orb_deg"": 0.0}]",False,,0,Waning Crescent,23.2,Durable Goods Orders (medium),medium,moderate_trend,bullish,medium,Venus,5.51,99.11,-0.85,bearish,,
2025-05-27,Tuesday,3332.5,3299.1,3341.0,3296.3,44.7,-1.0,False,3246.77,3035.06,above,3341.0,3296.3,DOWN,"{""0"": 3341.0, ""0.2126"": 3331.5, ""0.5"": 3318.65, ""0.618"": 3313.38, ""0.7874"": 3305.8, ""1"": 3296.3, ""1.2126"": 3286.8, ""1.5"": 3273.95, ""1.618"": 3268.68, ""1.7874"": 3261.1}",True,1,bounce,334,10,3249.25,3432.0,182.75,True,support_3249.25,"{""base"": 334, ""scale"": 10, ""supports"": [2648.97, 2730.98, 2814.23, 2898.73, 2984.49, 3071.49, 3159.74, 3249.25], ""resistances"": [3432.0, 3525.26, 3619.76, 3715.51, 3812.52, 3910.77, 4010.27, 4111.03]}",Taurus,11.76,Taurus,9.97,Krittika,Taurus,7.86,False,Pisces,26.01,False,Cancer,24.21,False,Gemini,2.67,False,Pisces,5.93,False,Aquarius,29.55,Leo,29.55,3.9,W,False,45.75,W,False,72.45,False,20.91,65.83,"[{""planet1"": ""Sun"", ""planet2"": ""Moon"", ""aspect"": ""Conjunction"", ""orb_deg"": 1.79}, {""planet1"": ""Sun"", ""planet2"": ""Mercury"", ""aspect"": ""Conjunction"", ""orb_deg"": 3.9}, {""planet1"": ""Moon"", ""planet2"": ""Mercury"", ""aspect"": ""Conjunction"", ""orb_deg"": 2.11}, {""planet1"": ""Mercury"", ""planet2"": ""Saturn"", ""aspect"": ""Sextile"", ""orb_deg"": 1.93}, {""planet1"": ""Venus"", ""planet2"": ""Mars"", ""aspect"": ""Trine"", ""orb_deg"": 1.8}, {""planet1"": ""Jupiter"", ""planet2"": ""Saturn"", ""aspect"": ""Square"", ""orb_deg"": 3.25}, {""planet1"": ""Jupiter"", ""planet2"": ""Rahu"", ""aspect"": ""Square"", ""orb_deg"": 3.12}, {""planet1"": ""Jupiter"", ""planet2"": ""Ketu"", ""aspect"": ""Square"", ""orb_deg"": 3.12}, {""planet1"": ""Rahu"", ""planet2"": ""Ketu"", ""aspect"": ""Opposition"", ""orb_deg"": 0.0}]",True,Solar,1,New Moon,0.0,Consumer Confidence (medium),medium,moderate_trend,bearish,medium,Mars,5.51,99.52,0.6,bullish,,
2025-05-28,Wednesday,3293.6,3293.6,3293.6,3293.6,0.0,0.0,False,3249.7,3039.6,above,3293.6,3293.6,DOWN,"{""0"": 3293.6, ""0.2126"": 3293.6, ""0.5"": 3293.6, ""0.618"": 3293.6, ""0.7874"": 3293.6, ""1"": 3293.6, ""1.2126"": 3293.6, ""1.5"": 3293.6, ""1.618"": 3293.6, ""1.7874"": 3293.6}",True,0,bounce,329,10,3199.93,3381.32,181.39,False,,"{""base"": 329, ""scale"": 10, ""supports"": [2604.47, 2685.78, 2768.35, 2852.17, 2937.23, 3023.55, 3111.12, 3199.93], ""resistances"": [3381.32, 3473.88, 3567.7, 3662.77, 3759.08, 3856.65, 3955.47, 4055.53]}",Taurus,12.72,Taurus,24.98,Mrigashira,Taurus,10.04,False,Pisces,26.93,False,Cancer,24.73,False,Gemini,2.9,False,Pisces,6.0,False,Aquarius,29.5,Leo,29.5,2.68,W,False,45.79,W,False,72.01,False,20.18,66.72,"[{""planet1"": ""Sun"", ""planet2"": ""Mercury"", ""aspect"": ""Conjunction"", ""orb_deg"": 2.68}, {""planet1"": ""Moon"", ""planet2"": ""Venus"", ""aspect"": ""Sextile"", ""orb_deg"": 1.95}, {""planet1"": ""Moon"", ""planet2"": ""Mars"", ""aspect"": ""Sextile"", ""orb_deg"": 0.25}, {""planet1"": ""Venus"", ""planet2"": ""Mars"", ""aspect"": ""Trine"", ""orb_deg"": 2.2}, {""planet1"": ""Jupiter"", ""planet2"": ""Saturn"", ""aspect"": ""Square"", ""orb_deg"": 3.1}, {""planet1"": ""Jupiter"", ""planet2"": ""Rahu"", ""aspect"": ""Square"", ""orb_deg"": 3.39}, {""planet1"": ""Jupiter"", ""planet2"": ""Ketu"", ""aspect"": ""Square"", ""orb_deg"": 3.39}, {""planet1"": ""Rahu"", ""planet2"": ""Ketu"", ""aspect"": ""Opposition"", ""orb_deg"": 0.0}]",True,Solar,12,New Moon,1.1,,none,consolidation,neutral,low,Mercury,5.51,99.88,0.36,bullish,,
2025-05-29,Thursday,3283.7,3317.1,3328.8,3242.4,86.4,1.02,True,3253.91,3044.47,above,3328.8,3242.4,UP,"{""0"": 3242.4, ""0.2126"": 3260.77, ""0.5"": 3285.6, ""0.618"": 3295.8, ""0.7874"": 3310.43, ""1"": 3328.8, ""1.2126"": 3347.17, ""1.5"": 3372.0, ""1.618"": 3382.2, ""1.7874"": 3396.83}",False,,,332,10,3229.52,3411.73,182.21,False,,"{""base"": 332, ""scale"": 10, ""supports"": [2631.17, 2712.89, 2795.87, 2880.1, 2965.58, 3052.31, 3140.29, 3229.52], ""resistances"": [3411.73, 3504.71, 3598.94, 3694.42, 3791.15, 3889.13, 3988.36, 4088.83]}",Taurus,13.68,Gemini,9.71,Ardra,Taurus,12.23,False,Pisces,27.87,False,Cancer,25.26,False,Gemini,3.12,False,Pisces,6.07,False,Aquarius,29.45,Leo,29.45,1.45,W,True,45.81,W,False,71.58,False,19.44,67.61,"[{""planet1"": ""Sun"", ""planet2"": ""Mercury"", ""aspect"": ""Conjunction"", ""orb_deg"": 1.46}, {""planet1"": ""Moon"", ""planet2"": ""Saturn"", ""aspect"": ""Square"", ""orb_deg"": 3.65}, {""planet1"": ""Venus"", ""planet2"": ""Mars"", ""aspect"": ""Trine"", ""orb_deg"": 2.61}, {""planet1"": ""Jupiter"", ""planet2"": ""Saturn"", ""aspect"": ""Square"", ""orb_deg"": 2.95}, {""planet1"": ""Jupiter"", ""planet2"": ""Rahu"", ""aspect"": ""Square"", ""orb_deg"": 3.67}, {""planet1"": ""Jupiter"", ""planet2"": ""Ketu"", ""aspect"": ""Square"", ""orb_deg"": 3.67}, {""planet1"": ""Rahu"", ""planet2"": ""Ketu"", ""aspect"": ""Opposition"", ""orb_deg"": 0.0}]",False,,0,Waxing Crescent,5.1,Initial Jobless Claims (low),none,reversal_signal,bullish,high,Jupiter,5.51,99.28,-0.6,bearish,,
2025-05-30,Friday,3315.1,3288.9,3318.0,3270.9,47.1,-0.79,False,3256.1,3048.76,above,3318.0,3270.9,DOWN,"{""0"": 3318.0, ""0.2126"": 3307.99, ""0.5"": 3294.45, ""0.618"": 3288.89, ""0.7874"": 3280.91, ""1"": 3270.9, ""1.2126"": 3260.89, ""1.5"": 3247.35, ""1.618"": 3241.79, ""1.7874"": 3233.81}",True,0.618,bounce,331,10,3219.66,3401.59,181.93,False,,"{""base"": 331, ""scale"": 10, ""supports"": [2622.26, 2703.86, 2786.7, 2870.79, 2956.13, 3042.72, 3130.57, 3219.66], ""resistances"": [3401.59, 3494.43, 3588.53, 3683.87, 3780.46, 3878.3, 3977.39, 4077.74]}",Taurus,14.64,Gemini,24.05,Punarvasu,Taurus,14.42,False,Pisces,28.81,False,Cancer,25.78,False,Gemini,3.34,False,Pisces,6.14,False,Aquarius,29.4,Leo,29.4,0.22,W,True,45.83,W,False,71.14,False,18.7,68.5,"[{""planet1"": ""Sun"", ""planet2"": ""Mercury"", ""aspect"": ""Conjunction"", ""orb_deg"": 0.22}, {""planet1"": ""Venus"", ""planet2"": ""Mars"", ""aspect"": ""Trine"", ""orb_deg"": 3.03}, {""planet1"": ""Jupiter"", ""planet2"": ""Saturn"", ""aspect"": ""Square"", ""orb_deg"": 2.8}, {""planet1"": ""Jupiter"", ""planet2"": ""Rahu"", ""aspect"": ""Square"", ""orb_deg"": 3.95}, {""planet1"": ""Jupiter"", ""planet2"": ""Ketu"", ""aspect"": ""Square"", ""orb_deg"": 3.95}, {""planet1"": ""Rahu"", ""planet2"": ""Ketu"", ""aspect"": ""Opposition"", ""orb_deg"": 0.0}]",False,,0,Waxing Crescent,11.4,PCE Price Index (high),high,mild_trend,bearish,medium,Venus,5.51,99.33,0.05,bullish,,
